<?xml version="1.0"?>
<!DOCTYPE hibernate-mapping PUBLIC "-//Hibernate/Hibernate Mapping DTD 3.0//EN"
"http://hibernate.sourceforge.net/hibernate-mapping-3.0.dtd">
<!-- Generated 3 oct. 2015 20:40:50 by Hibernate Tools 3.2.1.GA -->
<hibernate-mapping>
    <class name="com.Model.Client" table="client" schema="public">
        <id name="numclient" type="string">
            <column name="numclient" length="32" />
            <generator class="assigned" />
        </id>
        <property name="nomclient" type="string">
            <column name="nomclient" length="32" />
        </property>
        <set name="commandes" inverse="true">
            <key>
                <column name="numclient" length="32" not-null="true" />
            </key>
            <one-to-many class="com.Model.Commande" />
        </set>
    </class>
</hibernate-mapping>
