<?xml version="1.0"?>
<!DOCTYPE hibernate-mapping PUBLIC "-//Hibernate/Hibernate Mapping DTD 3.0//EN"
"http://hibernate.sourceforge.net/hibernate-mapping-3.0.dtd">
<!-- Generated 3 oct. 2015 20:40:50 by Hibernate Tools 3.2.1.GA -->
<hibernate-mapping>
    <class name="com.Model.Commande" table="commande" schema="public">
        <composite-id name="id" class="com.Model.CommandeId">
            <key-property name="numclient" type="string">
                <column name="numclient" length="32" />
            </key-property>
            <key-property name="numproduit" type="string">
                <column name="numproduit" length="32" />
            </key-property>
        </composite-id>
        <many-to-one name="client" class="com.Model.Client" update="false" insert="false" fetch="select">
            <column name="numclient" length="32" not-null="true" />
        </many-to-one>
        <many-to-one name="produit" class="com.Model.Produit" update="false" insert="false" fetch="select">
            <column name="numproduit" length="32" not-null="true" />
        </many-to-one>
        <property name="qtecommande" type="java.lang.Long">
            <column name="qtecommande" />
        </property>
        <property name="datecommande" type="date">
            <column name="datecommande" length="13" />
        </property>
        <property name="annee" type="string">
            <column name="annee" length="32" />
        </property>
    </class>
</hibernate-mapping>
