<?xml version="1.0"?>
<!DOCTYPE hibernate-mapping PUBLIC "-//Hibernate/Hibernate Mapping DTD 3.0//EN"
"http://hibernate.sourceforge.net/hibernate-mapping-3.0.dtd">
<!-- Generated 3 oct. 2015 20:40:50 by Hibernate Tools 3.2.1.GA -->
<hibernate-mapping>
    <class name="com.Model.Produit" table="produit" schema="public">
        <id name="numproduit" type="string">
            <column name="numproduit" length="32" />
            <generator class="assigned" />
        </id>
        <property name="designproduit" type="string">
            <column name="designproduit" length="32" />
        </property>
<!--        <property name="puproduit" type="java.lang.Integer">
            <column name="puproduit" />
        </property>-->
         <property name="puproduit" type="big_decimal">
            <column name="puproduit" precision="10" not-null="true" />
        </property>
        <set name="commandes" inverse="true">
            <key>
                <column name="numproduit" length="32" not-null="true" />
            </key>
            <one-to-many class="com.Model.Commande" />
        </set>
    </class>
</hibernate-mapping>
