<?xml version="1.0"?>
<!DOCTYPE hibernate-mapping PUBLIC "-//Hibernate/Hibernate Mapping DTD 3.0//EN"
"http://hibernate.sourceforge.net/hibernate-mapping-3.0.dtd">
<!-- Generated 3 oct. 2015 20:40:50 by Hibernate Tools 3.2.1.GA -->
<hibernate-mapping>
    <class name="com.Model.User" table="user" schema="public">
        <id name="id" type="int">
            <column name="id" />
            <generator class="assigned" />
        </id>
        <property name="login" type="string">
            <column name="login" length="32" unique="true" />
        </property>
        <property name="password" type="string">
            <column name="password" length="32" />
        </property>
        <property name="types" type="string">
            <column name="types" length="32" />
        </property>
    </class>
</hibernate-mapping>
